CanalID,Nombre,VideoID,Titulo,Fecha,Vistas,Likes,Comentarios
UCCKMZAvEMR7IzVKBxyLb9Lg,https://youtube.com/@floydtvonline?si=jUPNtgg266-y5k8q,TQxzb0_Woz8,EPISODIO #31  TODO BAJO CONTROL,2025-10-31,0,0,0
UCCKMZAvEMR7IzVKBxyLb9Lg,https://youtube.com/@floydtvonline?si=jUPNtgg266-y5k8q,9P04rQHdfCE,FLOJO DE PAPELES,2025-10-31,0,0,0
UCCKMZAvEMR7IzVKBxyLb9Lg,https://youtube.com/@floydtvonline?si=jUPNtgg266-y5k8q,2GNNCUNOCO8,FORMULA TV,2025-10-31,0,0,0
UCCKMZAvEMR7IzVKBxyLb9Lg,https://youtube.com/@floydtvonline?si=jUPNtgg266-y5k8q,rNqCy8oD_VM,NO ME CANCELEN,2025-10-31,0,0,0
UCCKMZAvEMR7IzVKBxyLb9Lg,https://youtube.com/@floydtvonline?si=jUPNtgg266-y5k8q,0mfZXBmkxBA,TRES SIMIOS,2025-10-31,0,0,0
UCCKMZAvEMR7IzVKBxyLb9Lg,https://youtube.com/@floydtvonline?si=jUPNtgg266-y5k8q,VWk5_HF8obM,SI SUCEDE CONVIENE,2025-10-31,0,1,0
UCCKMZAvEMR7IzVKBxyLb9Lg,https://youtube.com/@floydtvonline?si=jUPNtgg266-y5k8q,CpnMgZv4eF8,TU CONSULTORIO  LEGAL,2025-10-31,0,0,0
UCCKMZAvEMR7IzVKBxyLb9Lg,https://youtube.com/@floydtvonline?si=jUPNtgg266-y5k8q,eRm1TPzttb4,EP# 18  - AL ROJO VIVO,2025-10-31,0,0,0
UCCKMZAvEMR7IzVKBxyLb9Lg,https://youtube.com/@floydtvonline?si=jUPNtgg266-y5k8q,w3gjDQTJMZQ,FLOJO DE PAPELES,2025-10-31,0,0,0
UCCKMZAvEMR7IzVKBxyLb9Lg,https://youtube.com/@floydtvonline?si=jUPNtgg266-y5k8q,0Eq8fcYUzfs,ALMA TURISTA,2025-10-31,0,0,0
UCCKMZAvEMR7IzVKBxyLb9Lg,https://youtube.com/@floydtvonline?si=jUPNtgg266-y5k8q,hQurK5PQA94,CORREDORES INMOBILIARIOS,2025-10-31,0,0,0
UCCKMZAvEMR7IzVKBxyLb9Lg,https://youtube.com/@floydtvonline?si=jUPNtgg266-y5k8q,_OQHOIxXauM,NAI - NOTICIAS AL INSTANTE,2025-10-31,0,0,0
UCCKMZAvEMR7IzVKBxyLb9Lg,https://youtube.com/@floydtvonline?si=jUPNtgg266-y5k8q,cedIH1hKe04,la calvicie motivo de terapia. #emociones #psicologia #calvos #terapiasalternativas,2025-10-15,348,3,1
UCCKMZAvEMR7IzVKBxyLb9Lg,https://youtube.com/@floydtvonline?si=jUPNtgg266-y5k8q,Kow5sXbpL_I,Milei Rockstar #mileicantando #presidentes #stream,2025-10-15,1020,15,0
UC7WpCrWnAh5DoHtMxbrtMnQ,https://youtube.com/@chocotvok?si=2YVCEG5eRz7k7bcY,LJojDTQMve4,¬°Sorteo Experiencia Endeavor Cuyo 2025!,2025-11-02,1,0,0
UC7WpCrWnAh5DoHtMxbrtMnQ,https://youtube.com/@chocotvok?si=2YVCEG5eRz7k7bcY,Mdby43wgAyI,Personajes so√±ados,2025-11-01,4,0,0
UC7WpCrWnAh5DoHtMxbrtMnQ,https://youtube.com/@chocotvok?si=2YVCEG5eRz7k7bcY,FFeGqRmNWac,Series para el finde üì∫,2025-11-01,5,0,0
UC7WpCrWnAh5DoHtMxbrtMnQ,https://youtube.com/@chocotvok?si=2YVCEG5eRz7k7bcY,jiXALH4EOxI,¬°Sorteo embrujado de libros!,2025-11-01,28,0,0
UC7WpCrWnAh5DoHtMxbrtMnQ,https://youtube.com/@chocotvok?si=2YVCEG5eRz7k7bcY,o6-J902JquU,Un altar para ellos,2025-10-31,9,0,0
UC7WpCrWnAh5DoHtMxbrtMnQ,https://youtube.com/@chocotvok?si=2YVCEG5eRz7k7bcY,K_re1tS37B4,‚ÄúTen√≠a un demonio‚Äù,2025-10-31,33,0,0
UC7WpCrWnAh5DoHtMxbrtMnQ,https://youtube.com/@chocotvok?si=2YVCEG5eRz7k7bcY,yN4vLl_hIVg,‚ÄúMenopausia del hombre‚Äù,2025-10-31,7,1,0
UC7WpCrWnAh5DoHtMxbrtMnQ,https://youtube.com/@chocotvok?si=2YVCEG5eRz7k7bcY,kn-xVsbA-0M,Cinema Horror Fest üëª,2025-10-31,9,0,0
UC7WpCrWnAh5DoHtMxbrtMnQ,https://youtube.com/@chocotvok?si=2YVCEG5eRz7k7bcY,PyTFPPJK6aU,Beneficios para estudiantes,2025-10-30,9,0,0
UC7WpCrWnAh5DoHtMxbrtMnQ,https://youtube.com/@chocotvok?si=2YVCEG5eRz7k7bcY,rVOtMyfVgPQ,Infaltables en tu placard,2025-10-30,3,0,0
UC7WpCrWnAh5DoHtMxbrtMnQ,https://youtube.com/@chocotvok?si=2YVCEG5eRz7k7bcY,D-iktu4pcig,Valle de Uco: La historia de la mujer que busca a su hijo,2025-10-30,42,3,1
UC7WpCrWnAh5DoHtMxbrtMnQ,https://youtube.com/@chocotvok?si=2YVCEG5eRz7k7bcY,wLF1rm8bc1w,"""Escorpio te muestra tu realidad"" ‚ôè‚ú®",2025-10-30,53,0,0
UC7WpCrWnAh5DoHtMxbrtMnQ,https://youtube.com/@chocotvok?si=2YVCEG5eRz7k7bcY,bJkMtlELcwQ,"""Es dif√≠cil enamorarse de dos personas""",2025-10-29,21,0,0
UC7WpCrWnAh5DoHtMxbrtMnQ,https://youtube.com/@chocotvok?si=2YVCEG5eRz7k7bcY,dfhO8xveYJ0,"""Los Huesos no crudos, ni cocidos""",2025-10-28,38,3,0
UC7WpCrWnAh5DoHtMxbrtMnQ,https://youtube.com/@chocotvok?si=2YVCEG5eRz7k7bcY,MlG-ZEsK1tc,"""Caso Bandana: Violencia de g√©nero""",2025-10-28,15,0,0
UC7WpCrWnAh5DoHtMxbrtMnQ,https://youtube.com/@chocotvok?si=2YVCEG5eRz7k7bcY,1o2Qa9hnl38,"""El Malvinas va a perder siempre""",2025-10-28,24,0,0
UC7WpCrWnAh5DoHtMxbrtMnQ,https://youtube.com/@chocotvok?si=2YVCEG5eRz7k7bcY,PJl80f-QJLQ,¬øNicki Nicole embarazada?,2025-10-28,690,15,0
UC7WpCrWnAh5DoHtMxbrtMnQ,https://youtube.com/@chocotvok?si=2YVCEG5eRz7k7bcY,FGfZsb6tQBc,Katy Perry confirm√≥ su nuevo romance üò±,2025-10-27,26,0,0
UC7WpCrWnAh5DoHtMxbrtMnQ,https://youtube.com/@chocotvok?si=2YVCEG5eRz7k7bcY,qVRkwDcyTgo,AGENDA DEPORTIVA ‚öΩ,2025-10-27,19,0,0
UC7WpCrWnAh5DoHtMxbrtMnQ,https://youtube.com/@chocotvok?si=2YVCEG5eRz7k7bcY,t8IuXYIt3kE,üçº ¬°Le compart√≠a la mamadera al perro!,2025-10-27,21,1,0
UC7WpCrWnAh5DoHtMxbrtMnQ,https://youtube.com/@chocotvok?si=2YVCEG5eRz7k7bcY,uTytx39-ETM,¬øEl tama√±o importa? ü§î,2025-10-27,24,0,0
UC7WpCrWnAh5DoHtMxbrtMnQ,https://youtube.com/@chocotvok?si=2YVCEG5eRz7k7bcY,UmBNdIAxjSM,La competencia interna ¬øes sana?,2025-10-26,14,0,0
UC7WpCrWnAh5DoHtMxbrtMnQ,https://youtube.com/@chocotvok?si=2YVCEG5eRz7k7bcY,_kGa97pxRqA,ü™´Autos El√©ctricos üîã,2025-10-26,7,0,0
UC7WpCrWnAh5DoHtMxbrtMnQ,https://youtube.com/@chocotvok?si=2YVCEG5eRz7k7bcY,qgQZA4ErShw,Tipos de amigos en vacaciones üèñÔ∏è,2025-10-26,258,2,0
UC7WpCrWnAh5DoHtMxbrtMnQ,https://youtube.com/@chocotvok?si=2YVCEG5eRz7k7bcY,tUVAIwby05I,Cosas hots de varones,2025-10-25,13,0,0
UC7WpCrWnAh5DoHtMxbrtMnQ,https://youtube.com/@chocotvok?si=2YVCEG5eRz7k7bcY,XkbfNXswuoE,üåô Voces entre las tumbas üëª,2025-10-25,42,3,0
UC7WpCrWnAh5DoHtMxbrtMnQ,https://youtube.com/@chocotvok?si=2YVCEG5eRz7k7bcY,0VcBV_36DxQ,Cine mendocino en pantalla grande üé¨,2025-10-25,14,0,0
UC7WpCrWnAh5DoHtMxbrtMnQ,https://youtube.com/@chocotvok?si=2YVCEG5eRz7k7bcY,kfdCNy8XuCg,¬°Los campeones de Pasteleros en Guerra! üç∞üî•,2025-10-25,28,2,0
UC7WpCrWnAh5DoHtMxbrtMnQ,https://youtube.com/@chocotvok?si=2YVCEG5eRz7k7bcY,jf_8zgE0VzY,¬øQUE HACE UN SEX√ìLOGO?,2025-10-25,10,1,0
UC7WpCrWnAh5DoHtMxbrtMnQ,https://youtube.com/@chocotvok?si=2YVCEG5eRz7k7bcY,sRx8tJz_KMU,ESCUELAS EN COMPETENCIA üèÜ,2025-10-25,9,0,0
UC7WpCrWnAh5DoHtMxbrtMnQ,https://youtube.com/@chocotvok?si=2YVCEG5eRz7k7bcY,MaL1FCUegWk,Jes√∫s era un extraterrestre ¬ømito o verdad?,2025-10-24,8,0,0
UC7WpCrWnAh5DoHtMxbrtMnQ,https://youtube.com/@chocotvok?si=2YVCEG5eRz7k7bcY,66fXVkhhIaI,üê∂ Huellitas de amor üíç,2025-10-24,6,0,0
UC7WpCrWnAh5DoHtMxbrtMnQ,https://youtube.com/@chocotvok?si=2YVCEG5eRz7k7bcY,i_uEHcDmYdg,Motivaci√≥n para crear contenido,2025-10-24,10,1,0
UC7WpCrWnAh5DoHtMxbrtMnQ,https://youtube.com/@chocotvok?si=2YVCEG5eRz7k7bcY,Gf_Rq9yE4E4,üè† ¬øAlquilar o comprar? üí∏,2025-10-24,68,0,0
UC7WpCrWnAh5DoHtMxbrtMnQ,https://youtube.com/@chocotvok?si=2YVCEG5eRz7k7bcY,vpbrtmJBtWI,Candidatos 2025,2025-10-20,95,2,0
UC7WpCrWnAh5DoHtMxbrtMnQ,https://youtube.com/@chocotvok?si=2YVCEG5eRz7k7bcY,nveXVwLYQAE,TESTIGO DE CUATRO PATAS üêæ,2025-10-16,42,0,0
UC7WpCrWnAh5DoHtMxbrtMnQ,https://youtube.com/@chocotvok?si=2YVCEG5eRz7k7bcY,m18zENy30DI,Motivaci√≥n para crear contenido,2025-10-16,27,0,0
UC7WpCrWnAh5DoHtMxbrtMnQ,https://youtube.com/@chocotvok?si=2YVCEG5eRz7k7bcY,eGnknMYImxw,ESCUELAS EN COMPETENCIA üèÜ,2025-10-16,19,0,0
UC7WpCrWnAh5DoHtMxbrtMnQ,https://youtube.com/@chocotvok?si=2YVCEG5eRz7k7bcY,nA2uZdjZjFU,¬°NUEVO PROGRAMA! ü•≥ü§©,2025-10-16,22,1,0
UC7WpCrWnAh5DoHtMxbrtMnQ,https://youtube.com/@chocotvok?si=2YVCEG5eRz7k7bcY,Fl72w4EUWx4,‚ÄúHablamos de f√∫tbol local‚Äù,2025-10-15,21,0,0
UC7WpCrWnAh5DoHtMxbrtMnQ,https://youtube.com/@chocotvok?si=2YVCEG5eRz7k7bcY,wd6Ms9q0Nw4,Motivaci√≥n para crear contenido,2025-10-15,13,0,0
UC7WpCrWnAh5DoHtMxbrtMnQ,https://youtube.com/@chocotvok?si=2YVCEG5eRz7k7bcY,7MpRzkdqVYM,üé≠ ¬øHay presi√≥n por blanquear?,2025-10-15,213,1,0
UC7WpCrWnAh5DoHtMxbrtMnQ,https://youtube.com/@chocotvok?si=2YVCEG5eRz7k7bcY,G6oZN8vA0p0,üë∂ El nuevo oficio,2025-10-14,368,3,0
UC7WpCrWnAh5DoHtMxbrtMnQ,https://youtube.com/@chocotvok?si=2YVCEG5eRz7k7bcY,99R1edgLpHA,‚öΩüî• ¬øSe termina el ciclo Gallardo?,2025-10-13,28,1,0
UC7WpCrWnAh5DoHtMxbrtMnQ,https://youtube.com/@chocotvok?si=2YVCEG5eRz7k7bcY,6OUkZNIKjhk,Ellos tambi√©n se sumaron al trend,2025-10-13,375,9,0
UC7WpCrWnAh5DoHtMxbrtMnQ,https://youtube.com/@chocotvok?si=2YVCEG5eRz7k7bcY,OVyryo__2Mk,Dulce de leche en Mendoza üßÅ,2025-10-12,61,4,0
UC7WpCrWnAh5DoHtMxbrtMnQ,https://youtube.com/@chocotvok?si=2YVCEG5eRz7k7bcY,IfZq3N9k1UM,üíû ¬øAmor sin distancia?,2025-10-10,25,1,0
UC7WpCrWnAh5DoHtMxbrtMnQ,https://youtube.com/@chocotvok?si=2YVCEG5eRz7k7bcY,tODO6DINmys,üí• ‚ÄúNo pedimos lo mismo‚Äù,2025-10-10,15,0,0
UC7WpCrWnAh5DoHtMxbrtMnQ,https://youtube.com/@chocotvok?si=2YVCEG5eRz7k7bcY,NgyJOH7z6cY,Bad Bunny se meti√≥ en la vecindad üè†,2025-10-09,24,1,0
UC7WpCrWnAh5DoHtMxbrtMnQ,https://youtube.com/@chocotvok?si=2YVCEG5eRz7k7bcY,ijtl2rwq6Fk,¬øHonestidad o red flag?üö©,2025-10-09,7,2,0
UC7WpCrWnAh5DoHtMxbrtMnQ,https://youtube.com/@chocotvok?si=2YVCEG5eRz7k7bcY,DBmR7rDg4-8,¬°NUEVO PROGRAMA! ü•≥ü§©,2025-10-09,15,2,1
UC7WpCrWnAh5DoHtMxbrtMnQ,https://youtube.com/@chocotvok?si=2YVCEG5eRz7k7bcY,Jm1ItZH-Vh0,Mensaje previo al partido,2025-10-08,15,1,0
UC7WpCrWnAh5DoHtMxbrtMnQ,https://youtube.com/@chocotvok?si=2YVCEG5eRz7k7bcY,fUC_TY9hplc,¬øAmiga o traidora?,2025-10-08,17,0,0
UC7WpCrWnAh5DoHtMxbrtMnQ,https://youtube.com/@chocotvok?si=2YVCEG5eRz7k7bcY,qvKk8dlkD0U,ü™© Chau boliches,2025-10-08,40,2,0
UC7WpCrWnAh5DoHtMxbrtMnQ,https://youtube.com/@chocotvok?si=2YVCEG5eRz7k7bcY,le3uVXCN5yQ,Presi√≥n por Casarse.,2025-10-07,16,1,0
UC7WpCrWnAh5DoHtMxbrtMnQ,https://youtube.com/@chocotvok?si=2YVCEG5eRz7k7bcY,QfuzUieOhXw,¬øSe puede sobrevivir a una mudanza juntos? üòÖ,2025-10-07,11,1,0
UC7WpCrWnAh5DoHtMxbrtMnQ,https://youtube.com/@chocotvok?si=2YVCEG5eRz7k7bcY,1MzmvyuvqP8,üçπTragos que gritan primavera,2025-10-07,23,1,0
UC7WpCrWnAh5DoHtMxbrtMnQ,https://youtube.com/@chocotvok?si=2YVCEG5eRz7k7bcY,j3iFRYlqNA4,üî• Nueva pastelera en la recta final,2025-10-06,31,2,0
UC7WpCrWnAh5DoHtMxbrtMnQ,https://youtube.com/@chocotvok?si=2YVCEG5eRz7k7bcY,Ny0infV2bfk,¬øEL MATE ES NUEVO OZEMPIC NATURAL?,2025-10-06,30,1,0
UCxtCp4e1pGevREzI4aCMjow,https://youtube.com/@elbunkermza?si=DYKceoHFUHXZNPzW,xUrr4RFs54Q,¬øY vos c√≥mo la ves? Te leemos üëá #elecciones2025 #mendoza #peronismo,2025-10-30,1037,9,3
UCxtCp4e1pGevREzI4aCMjow,https://youtube.com/@elbunkermza?si=DYKceoHFUHXZNPzW,8l7ubpeDyLk,El tutorial definitivo para votar bien este domingo en Mendoza üó≥Ô∏è #boleta√∫nica #elecciones2025 #voto,2025-10-24,920,10,3
UCxtCp4e1pGevREzI4aCMjow,https://youtube.com/@elbunkermza?si=DYKceoHFUHXZNPzW,1qxLqR24rbU,¬øQu√© es la Lealtad hoy? #mendoza #lealtad #elbunker,2025-10-24,1112,14,2
UCxtCp4e1pGevREzI4aCMjow,https://youtube.com/@elbunkermza?si=DYKceoHFUHXZNPzW,FcRzR51Sy0k,"""La sumisi√≥n de Milei con EEUU e Israel es total"" üá∫üá∏üáÆüá± #trump #china #geopol√≠tica #elbunker",2025-10-23,776,11,0
UCxtCp4e1pGevREzI4aCMjow,https://youtube.com/@elbunkermza?si=DYKceoHFUHXZNPzW,ZpTYr-DzXUk,"80 A√ëOS DE LEALTAD A PER√ìN, EVITA, N√âSTOR Y CRISTINA ‚úåÔ∏è‚ù§Ô∏è #mendoza #vivaper√≥n #elbunker",2025-10-23,953,12,5
UCxtCp4e1pGevREzI4aCMjow,https://youtube.com/@elbunkermza?si=DYKceoHFUHXZNPzW,D7GXEAuQoS8,SE VIENEEEE üî• Nos vemos este s√°bado? SEIS MIL PE CON CHORI Y BEBIDA üå≠üç∑‚úåÔ∏è #NadieAfuera #mendoza,2025-10-15,1216,17,3
UCxtCp4e1pGevREzI4aCMjow,https://youtube.com/@elbunkermza?si=DYKceoHFUHXZNPzW,7rpU10SPvhQ,Feliz Cumple a nuestro General Juan Domingo Per√≥n ‚ù§Ô∏è‚úåÔ∏è #Per√≥nCumple #VivaPer√≥n #Per√≥n,2025-10-08,255,17,4
UCxtCp4e1pGevREzI4aCMjow,https://youtube.com/@elbunkermza?si=DYKceoHFUHXZNPzW,lB6p4cZvtc4,"""A√∫n bajo esta forma de medirla a Mendoza le va peor que al promedio nacional"", Lisandro Vergara.",2025-10-07,1026,9,1
UCxtCp4e1pGevREzI4aCMjow,https://youtube.com/@elbunkermza?si=DYKceoHFUHXZNPzW,mI_GEpxPJNk,"""Cuando no hay pol√≠ticas publicas es un terreno f√©rtil para que los narcos puedan avanzar"" #mendoza",2025-10-05,946,27,0
UCxtCp4e1pGevREzI4aCMjow,https://youtube.com/@elbunkermza?si=DYKceoHFUHXZNPzW,bSEhJyw0BAs,EL NEGOCIO de PETRI con el QUILMES ROCK #ElBunkerInvestiga #corrupci√≥n #parking #ate,2025-10-04,40,4,1
UCxtCp4e1pGevREzI4aCMjow,https://youtube.com/@elbunkermza?si=DYKceoHFUHXZNPzW,OdcHrRUSMn0,Milei autoriz√≥ por decreto el ingreso de tropas yankis y la privatizaci√≥n de la Energ√≠a Nuclear,2025-10-04,63,6,1
UCxy1_VhGyaCbto2-DcXqk_w,https://youtube.com/@serebrosstv?si=XcpEMWAXDYY1bK0E,1Qbr0XWfmeI,Payam√©dicos San Rafael #streaming #mendoza #sanrafael,2025-10-31,496,8,0
UCxy1_VhGyaCbto2-DcXqk_w,https://youtube.com/@serebrosstv?si=XcpEMWAXDYY1bK0E,M7r6rtFdWro,Producci√≥n y √± exportaci√≥n de cerezas üçí #cerezas #produccion #productores #canaldestreaming,2025-10-31,1001,20,2
UCxy1_VhGyaCbto2-DcXqk_w,https://youtube.com/@serebrosstv?si=XcpEMWAXDYY1bK0E,jLkwDtf4zMU,desprolijidades con el partido de Pedal-Constituci√≥n #deportes #sanrafael #futbolsanrafael,2025-10-28,1182,7,1
UCxy1_VhGyaCbto2-DcXqk_w,https://youtube.com/@serebrosstv?si=XcpEMWAXDYY1bK0E,mf8C2i0UqCs,27 de octubre de 2025,2025-10-27,604,1,0
UCxy1_VhGyaCbto2-DcXqk_w,https://youtube.com/@serebrosstv?si=XcpEMWAXDYY1bK0E,-dWq3MVDijQ,Viernes! | Convocados | Avisame Cuando Termines,2025-10-27,0,0,0
UCxy1_VhGyaCbto2-DcXqk_w,https://youtube.com/@serebrosstv?si=XcpEMWAXDYY1bK0E,027--7YYPGU,MONOGAMIA E INFIDELIDADES #monogamia #parejas #vinculos #infidelidades #sexualidad,2025-10-25,72,0,0
UCxy1_VhGyaCbto2-DcXqk_w,https://youtube.com/@serebrosstv?si=XcpEMWAXDYY1bK0E,E3OoiUFlPaM,Rivalidad eterna: Chile - Argentina ü§®#chile #argentina #rivalidad #deportes #canaldestreaming,2025-10-24,1891,18,5
UCxy1_VhGyaCbto2-DcXqk_w,https://youtube.com/@serebrosstv?si=XcpEMWAXDYY1bK0E,3Q3cz2EHRqo,Rinc√≥n del Atuel el No Jugamos a Nada #streaming #mendoza #sanrafael #deportes,2025-10-23,403,0,0
UCxy1_VhGyaCbto2-DcXqk_w,https://youtube.com/@serebrosstv?si=XcpEMWAXDYY1bK0E,c8Kdn9R2KTM,Situaci√≥n del sector bodeguero al d√≠a de hoy #mendoza #streaming #sanrafael,2025-10-22,925,7,1
UCxy1_VhGyaCbto2-DcXqk_w,https://youtube.com/@serebrosstv?si=XcpEMWAXDYY1bK0E,s53ivhWS3h4,Calamaro y mini pigs‚Ä¶ #streaming #mendoza #musica,2025-10-21,1228,15,5
UCxy1_VhGyaCbto2-DcXqk_w,https://youtube.com/@serebrosstv?si=XcpEMWAXDYY1bK0E,IVpBt-CElX4,¬øC√≥mo nos vinculamos sanamente con nuestros hijos? #hijos #maternidades #paternidades #crianza,2025-10-21,499,9,1
UCxy1_VhGyaCbto2-DcXqk_w,https://youtube.com/@serebrosstv?si=XcpEMWAXDYY1bK0E,Jk1Yddm8JAo,As√≠ fue la visita de @facumazzei  ‚ù§Ô∏è‚Äçüî•#facumazzei #facundomazzei #canaldestreaming,2025-10-18,1938,15,0
UCxy1_VhGyaCbto2-DcXqk_w,https://youtube.com/@serebrosstv?si=XcpEMWAXDYY1bK0E,Qxgh8fSJLNY,La abuela Josefa tiroteando ‚ù§Ô∏è‚Äçüî• #mendoza #streaming #sanrafael,2025-10-16,758,6,0
UCxy1_VhGyaCbto2-DcXqk_w,https://youtube.com/@serebrosstv?si=XcpEMWAXDYY1bK0E,faBiQAdBfoA,PERLITAS DE JUEVES DE #FuerzasVivas2025 ‚≠êÔ∏è#diputados #politica #canaldestreaming #streamingargentina,2025-10-15,809,8,0
UCxy1_VhGyaCbto2-DcXqk_w,https://youtube.com/@serebrosstv?si=XcpEMWAXDYY1bK0E,GsqVKlh8tq0,MODO FOBIA ACTIVADO #streaming #mendoza #sanrafael #serebrosstv,2025-10-08,941,27,0
UCxy1_VhGyaCbto2-DcXqk_w,https://youtube.com/@serebrosstv?si=XcpEMWAXDYY1bK0E,IbgT-jFSn5o,SER MEDIUM‚Ä¶ #streaming #mendoza #sanrafael #serebrosstv,2025-10-07,167,1,0
UCxy1_VhGyaCbto2-DcXqk_w,https://youtube.com/@serebrosstv?si=XcpEMWAXDYY1bK0E,4rouhmviN-w,TIOS CANCELABLES #streaming #mendoza #sanrafael #humor,2025-10-06,2365,45,1
UCxy1_VhGyaCbto2-DcXqk_w,https://youtube.com/@serebrosstv?si=XcpEMWAXDYY1bK0E,HKnS3_6omCQ,"Esta es tu se√±al, anda a entrenar #mendoza #streaming #sanrafael #canaldestreaming",2025-10-03,304,4,0
UCxy1_VhGyaCbto2-DcXqk_w,https://youtube.com/@serebrosstv?si=XcpEMWAXDYY1bK0E,-MYTKqAvrco,Hablemos de VIH .#vih #its #infeccionesdetransmisi√≥nsexual #sexualidadlibre #canaldestreaming,2025-10-03,894,13,1
UCRw1y2JAiHN3mcjjCtrBBng,https://youtube.com/@canalbardo?si=IANKmAlZraytP1gI,CPgDH3i338w,"RELACIONES SANAS, PERO ABURRIDAS",2025-11-01,2,0,0
UCRw1y2JAiHN3mcjjCtrBBng,https://youtube.com/@canalbardo?si=IANKmAlZraytP1gI,lbjubDMW_JA,PUMPER NIC EN ARGENTINA,2025-10-30,55,5,0
UCRw1y2JAiHN3mcjjCtrBBng,https://youtube.com/@canalbardo?si=IANKmAlZraytP1gI,4JI97mphq3s,CONTRUIMOS COMO INDIOS,2025-10-30,681,9,0
UCRw1y2JAiHN3mcjjCtrBBng,https://youtube.com/@canalbardo?si=IANKmAlZraytP1gI,Z2cXcCPeeME,NOS ESTAMOS OLVIDANDO DEL ARBOLADO MENDOCINO,2025-10-30,536,4,0
UCRw1y2JAiHN3mcjjCtrBBng,https://youtube.com/@canalbardo?si=IANKmAlZraytP1gI,s0WD3rP1t40,SOBREVIV√ç POR EL HUMOR,2025-10-30,794,10,0
UCRw1y2JAiHN3mcjjCtrBBng,https://youtube.com/@canalbardo?si=IANKmAlZraytP1gI,BB-1RhQ25ew,TODOS LOS CIRUJANOS SON VANIDOSOS,2025-10-30,475,8,0
UCRw1y2JAiHN3mcjjCtrBBng,https://youtube.com/@canalbardo?si=IANKmAlZraytP1gI,ZNqp3ZV29O8,IDENTIDAD Y CULTURA EN FRANQUICIAS,2025-10-30,187,1,0
UCRw1y2JAiHN3mcjjCtrBBng,https://youtube.com/@canalbardo?si=IANKmAlZraytP1gI,SBomBEzOh9Y,SI NO TENES PELOTERO NO EXISTIS,2025-10-30,690,11,0
UCRw1y2JAiHN3mcjjCtrBBng,https://youtube.com/@canalbardo?si=IANKmAlZraytP1gI,dQrfpL4sNqE,LOS MINIONS DE MERCADO LIBRE,2025-10-30,896,16,0
UCRw1y2JAiHN3mcjjCtrBBng,https://youtube.com/@canalbardo?si=IANKmAlZraytP1gI,Mp5JD-y_GHs,"YO, NUNCA NUNCA...",2025-10-30,560,13,1
UCRw1y2JAiHN3mcjjCtrBBng,https://youtube.com/@canalbardo?si=IANKmAlZraytP1gI,ZY6Ja2v4ikc,QUIERO DEJAR A MI PAREJA üò•üò™,2025-10-30,683,9,1
UCRw1y2JAiHN3mcjjCtrBBng,https://youtube.com/@canalbardo?si=IANKmAlZraytP1gI,Jthzn4yZ4KY,LA POSTA DE LA ART,2025-10-30,594,4,0
UCRw1y2JAiHN3mcjjCtrBBng,https://youtube.com/@canalbardo?si=IANKmAlZraytP1gI,K5wttpcFKL8,EL PAIS DE LOS FUMADORES üò∂‚Äçüå´Ô∏è,2025-10-28,561,24,0
UCRw1y2JAiHN3mcjjCtrBBng,https://youtube.com/@canalbardo?si=IANKmAlZraytP1gI,dNWt2JCyCw4,COMERCIAL DESDE LA CUNA,2025-10-28,633,7,0
UCRw1y2JAiHN3mcjjCtrBBng,https://youtube.com/@canalbardo?si=IANKmAlZraytP1gI,Vh5s1GwwBZg,LOS MEJORES PERSONAJES DE LA TV ARGENTINA,2025-10-28,623,12,0
UCRw1y2JAiHN3mcjjCtrBBng,https://youtube.com/@canalbardo?si=IANKmAlZraytP1gI,XCUWE8TS1rY,SOMOS UN PAIS DE ENANOS,2025-10-28,880,15,0
UCRw1y2JAiHN3mcjjCtrBBng,https://youtube.com/@canalbardo?si=IANKmAlZraytP1gI,gqir1oLBVvU,ESTEREOTIPOS,2025-10-27,547,4,0
UCRw1y2JAiHN3mcjjCtrBBng,https://youtube.com/@canalbardo?si=IANKmAlZraytP1gI,lrnGd2MoZcU,EL SECRETO DE LAS MOLLEJAS DE POLLO,2025-10-27,747,14,0
UCRw1y2JAiHN3mcjjCtrBBng,https://youtube.com/@canalbardo?si=IANKmAlZraytP1gI,_kXoCFl3dYU,TIPS PARA EL ASADO,2025-10-27,826,6,0
UCRw1y2JAiHN3mcjjCtrBBng,https://youtube.com/@canalbardo?si=IANKmAlZraytP1gI,nGjj1ZAJQak,LOS PORTE√ëOS NO SABEN DE BICIS,2025-10-27,755,18,0
UCRw1y2JAiHN3mcjjCtrBBng,https://youtube.com/@canalbardo?si=IANKmAlZraytP1gI,3lWwoNWpZlc,NARCISITA O PSICOPATA,2025-10-27,679,19,0
UCRw1y2JAiHN3mcjjCtrBBng,https://youtube.com/@canalbardo?si=IANKmAlZraytP1gI,lEOvsctW4xs,"ME TRATA MAL, PERO TENEMOS BUEN SEXO",2025-10-23,56,0,0
UCRw1y2JAiHN3mcjjCtrBBng,https://youtube.com/@canalbardo?si=IANKmAlZraytP1gI,NHebeUYdfrw,MAS SALAME QUE...,2025-10-23,1042,39,0
UCRw1y2JAiHN3mcjjCtrBBng,https://youtube.com/@canalbardo?si=IANKmAlZraytP1gI,QD_Jvdxtl5I,PLACERES CULPOSOS DE LOS TIOS,2025-10-23,221,5,0
UCRw1y2JAiHN3mcjjCtrBBng,https://youtube.com/@canalbardo?si=IANKmAlZraytP1gI,6XCbaJ9Btjo,APRENDIZAJES EN LA DERROTA,2025-10-15,380,11,0
UCRw1y2JAiHN3mcjjCtrBBng,https://youtube.com/@canalbardo?si=IANKmAlZraytP1gI,W80wyjgXQyk,SILLA DE RUEDAS O PROTESIS,2025-10-15,757,13,0
UCRw1y2JAiHN3mcjjCtrBBng,https://youtube.com/@canalbardo?si=IANKmAlZraytP1gI,IuG-iQ0ReH8,GUCHINI VS SUBWAY,2025-10-15,752,23,1
UCRw1y2JAiHN3mcjjCtrBBng,https://youtube.com/@canalbardo?si=IANKmAlZraytP1gI,Ose87wHbqGU,"EL PORTE√ëO CREE QUE POR QUE HABLA R√ÅPIDO, PIENSA R√ÅPIDO",2025-10-15,692,20,2
UCRw1y2JAiHN3mcjjCtrBBng,https://youtube.com/@canalbardo?si=IANKmAlZraytP1gI,Lu77dp_Syyc,LAS 5 COSAS INDISPENSABLES PARA UNA CERVECER√çA,2025-10-15,734,17,0
UCRw1y2JAiHN3mcjjCtrBBng,https://youtube.com/@canalbardo?si=IANKmAlZraytP1gI,f-ugkNMLONQ,LAS OBRAS JAM√ÅS TERMINAN A TIEMPO,2025-10-15,592,13,0
UCRw1y2JAiHN3mcjjCtrBBng,https://youtube.com/@canalbardo?si=IANKmAlZraytP1gI,IXJ-CTI9Jek,EL REY DEL POLLO,2025-10-15,759,13,0
UCRw1y2JAiHN3mcjjCtrBBng,https://youtube.com/@canalbardo?si=IANKmAlZraytP1gI,sUaU2sLI5qA,MALOS PROVEEDORES,2025-10-15,506,9,0
UCRw1y2JAiHN3mcjjCtrBBng,https://youtube.com/@canalbardo?si=IANKmAlZraytP1gI,CKkffROdGzg,LA  RECETA ESTRELLA,2025-10-15,645,9,0
UCRw1y2JAiHN3mcjjCtrBBng,https://youtube.com/@canalbardo?si=IANKmAlZraytP1gI,SZqCwOeLwxI,8 DE CADA 10 CIERRAN EN ARGENTINA,2025-10-15,632,8,0
UCRw1y2JAiHN3mcjjCtrBBng,https://youtube.com/@canalbardo?si=IANKmAlZraytP1gI,q6UIqfEnlKc,LOS 11 TITULARES DEL GENERAL,2025-10-13,186,4,0
UCRw1y2JAiHN3mcjjCtrBBng,https://youtube.com/@canalbardo?si=IANKmAlZraytP1gI,V5FzippNdWI,HACER CRECER LA TORTA,2025-10-13,746,8,0
UCRw1y2JAiHN3mcjjCtrBBng,https://youtube.com/@canalbardo?si=IANKmAlZraytP1gI,rw_ywlRs3OU,CRISTO PODR√çA HABER TENIDO DESPEDIDA DE SOLTERO,2025-10-13,31,1,0
UCRw1y2JAiHN3mcjjCtrBBng,https://youtube.com/@canalbardo?si=IANKmAlZraytP1gI,Z0zT2BFetek,CAIDA DE VENTAS,2025-10-13,856,16,0
UCRw1y2JAiHN3mcjjCtrBBng,https://youtube.com/@canalbardo?si=IANKmAlZraytP1gI,EEZi89LOj4Y,BICIS ELECTRICAS ¬øSI O NO?,2025-10-13,586,19,1
UCRw1y2JAiHN3mcjjCtrBBng,https://youtube.com/@canalbardo?si=IANKmAlZraytP1gI,4XHDKg5yStc,FAN√ÅTICOS DE BELGRANO,2025-10-07,908,11,0
UCRw1y2JAiHN3mcjjCtrBBng,https://youtube.com/@canalbardo?si=IANKmAlZraytP1gI,onhxwnir4ns,LA DESPEDIDA DE SOLTERO IDEAL,2025-10-07,227,5,0
UCRw1y2JAiHN3mcjjCtrBBng,https://youtube.com/@canalbardo?si=IANKmAlZraytP1gI,-SYtrn4z1Yc,MONUMENTO AL FRACASADO,2025-10-07,209,5,0
UCRw1y2JAiHN3mcjjCtrBBng,https://youtube.com/@canalbardo?si=IANKmAlZraytP1gI,yuJ3CkvLlK0,EL PORSCHE MAS FEO DE MENDOZA,2025-10-07,518,18,0
UCRw1y2JAiHN3mcjjCtrBBng,https://youtube.com/@canalbardo?si=IANKmAlZraytP1gI,IM2wdxCzz-Q,NO ESTAS COMIENDO CHOCOLATE,2025-10-07,870,20,0
UCRw1y2JAiHN3mcjjCtrBBng,https://youtube.com/@canalbardo?si=IANKmAlZraytP1gI,tp7myzrVl8Q,EL ENEMIGO DE LOS GASTRONOMICOS,2025-10-07,666,10,0
UCRw1y2JAiHN3mcjjCtrBBng,https://youtube.com/@canalbardo?si=IANKmAlZraytP1gI,up7CfKgnKwg,EN MENDOZA HAY SOLO 26 PERSONAS EN SITUACION DE CALLE,2025-10-07,1003,19,1
UCRw1y2JAiHN3mcjjCtrBBng,https://youtube.com/@canalbardo?si=IANKmAlZraytP1gI,CK2e1ZFdbvw,ARTISTAS Y LA POLITICA,2025-10-03,767,5,1
UCRw1y2JAiHN3mcjjCtrBBng,https://youtube.com/@canalbardo?si=IANKmAlZraytP1gI,GGQhKuW7MI4,LA RENTABILIDAD DE UN LAVADERO,2025-10-03,719,8,0
UCRw1y2JAiHN3mcjjCtrBBng,https://youtube.com/@canalbardo?si=IANKmAlZraytP1gI,Zge0gAyx4OE,BUSCANDO EL AUTO MAS CAROS By LUMA,2025-10-03,893,23,1
UCRw1y2JAiHN3mcjjCtrBBng,https://youtube.com/@canalbardo?si=IANKmAlZraytP1gI,drRISk7_NPE,LA ROCKOLA DE LOS TIOS,2025-10-03,773,8,0
UCRw1y2JAiHN3mcjjCtrBBng,https://youtube.com/@canalbardo?si=IANKmAlZraytP1gI,mds9hinDMRs,"PEDIDOS YA, EL ENEMIGO DE LAS CASAS DE COMIDA",2025-10-03,871,10,0
UCRw1y2JAiHN3mcjjCtrBBng,https://youtube.com/@canalbardo?si=IANKmAlZraytP1gI,s10vd-nlugY,¬øCON CUANTO SE ARRANCA UN LAVADERO?,2025-10-03,682,14,0
UCRw1y2JAiHN3mcjjCtrBBng,https://youtube.com/@canalbardo?si=IANKmAlZraytP1gI,IfbaVC30IaQ,PERDER LA VISTA MANEJANDO,2025-10-03,1006,15,0
UC1gMJbPatMRNcWKQGfmw8MQ,https://youtube.com/@oidmortalesmza?si=XeujmJKrR_AFYcHm,6QkiCmy7lkg,El tr√°gico final de Favaloro su decisi√≥n final,2025-10-31,873,30,0
UC1gMJbPatMRNcWKQGfmw8MQ,https://youtube.com/@oidmortalesmza?si=XeujmJKrR_AFYcHm,rJNq3Oumuq8,El √∫ltimo d√≠a de Favaloro,2025-10-30,1222,31,1
UC1gMJbPatMRNcWKQGfmw8MQ,https://youtube.com/@oidmortalesmza?si=XeujmJKrR_AFYcHm,HMaNODlOHDA,Favaloro eligi√≥ su patria antes que millones,2025-10-30,1082,26,1
UC1gMJbPatMRNcWKQGfmw8MQ,https://youtube.com/@oidmortalesmza?si=XeujmJKrR_AFYcHm,gdsMn4VH7UM,Favaloro y la creaci√≥n de una cl√≠nica m√©dica,2025-10-30,1022,11,1
UC1gMJbPatMRNcWKQGfmw8MQ,https://youtube.com/@oidmortalesmza?si=XeujmJKrR_AFYcHm,Ay53hHjhGJ8,Los primeros a√±os de Favaloro,2025-10-29,984,25,0
UC1gMJbPatMRNcWKQGfmw8MQ,https://youtube.com/@oidmortalesmza?si=XeujmJKrR_AFYcHm,dHbCfviQQF8,Impacto real  c√≥mo Favaloro redujo la mortalidad infantil,2025-10-17,861,29,0
UC1gMJbPatMRNcWKQGfmw8MQ,https://youtube.com/@oidmortalesmza?si=XeujmJKrR_AFYcHm,7cFTWae74R4,Ren√© Favaloro  el h√©roe que prefiri√≥ desaparecer,2025-10-16,783,28,0
UC1gMJbPatMRNcWKQGfmw8MQ,https://youtube.com/@oidmortalesmza?si=XeujmJKrR_AFYcHm,QPUDMWs2sB8,La lucha de Favaloro contra la corrupci√≥n,2025-10-16,1110,50,2
UC1gMJbPatMRNcWKQGfmw8MQ,https://youtube.com/@oidmortalesmza?si=XeujmJKrR_AFYcHm,0tUH46H1oCU,Di√°logo y Amistad en Tierra Santa  La n entre religiones,2025-10-15,240,11,0
UC1gMJbPatMRNcWKQGfmw8MQ,https://youtube.com/@oidmortalesmza?si=XeujmJKrR_AFYcHm,LtaJAueRto8,¬°800 a√±os de historia franciscana en Tierra Santa,2025-10-15,977,30,1
UC1gMJbPatMRNcWKQGfmw8MQ,https://youtube.com/@oidmortalesmza?si=XeujmJKrR_AFYcHm,KuzbcaTbecU,Detalles t√©cnicos y la valent√≠a detr√°s de la religi√≥n,2025-10-09,735,18,0
UC1gMJbPatMRNcWKQGfmw8MQ,https://youtube.com/@oidmortalesmza?si=XeujmJKrR_AFYcHm,a8fVsnG4dLw,Marcos Neirotti y su perspectiva politica,2025-10-06,934,41,1
UC1gMJbPatMRNcWKQGfmw8MQ,https://youtube.com/@oidmortalesmza?si=XeujmJKrR_AFYcHm,3YBQEeNM99M,"""HE VIVIDO 8 GUERRAS EN 25 A√ëOS""",2025-10-06,1336,43,0
UC1gMJbPatMRNcWKQGfmw8MQ,https://youtube.com/@oidmortalesmza?si=XeujmJKrR_AFYcHm,bYtEqJZs6pI,LA LITERATURA  PARTE FUNDAMENTAL DE LA FORMACI√ìN DEL HOMBRE,2025-10-06,978,41,0
UCghFRyDAl663a6CPtjwXw9g,https://youtube.com/@sifonazostream?si=BJ5yAWV1ixXxL354,PVxlQ8YgxJg,La info de #SanMart√≠n que ya piensa en el Torneo #FederalA 2026.,2025-10-29,768,5,0
UCghFRyDAl663a6CPtjwXw9g,https://youtube.com/@sifonazostream?si=BJ5yAWV1ixXxL354,tIahBX-mf-E,El ins√≥lito 11 de #IndependienteRivadavia para jugar frente a #Aldosivi,2025-10-28,73,4,1
UCghFRyDAl663a6CPtjwXw9g,https://youtube.com/@sifonazostream?si=BJ5yAWV1ixXxL354,UZQoFbDrMcI,Facundo Lencioni y el deseo de jugar con #Gimnasia en Primera Divisi√≥n.,2025-10-28,42,3,0
UCghFRyDAl663a6CPtjwXw9g,https://youtube.com/@sifonazostream?si=BJ5yAWV1ixXxL354,RFoY_70i_dc,#IndependienteRivadavia y el pensamiento del resto de los hinchas en la #CopaArgentina,2025-10-28,53,3,2
UCghFRyDAl663a6CPtjwXw9g,https://youtube.com/@sifonazostream?si=BJ5yAWV1ixXxL354,kQHFEYrbVNQ,#Aldosivi pidi√≥ la quita de puntos para #GodoyCruz,2025-10-28,186,3,2
UCghFRyDAl663a6CPtjwXw9g,https://youtube.com/@sifonazostream?si=BJ5yAWV1ixXxL354,ykRjDPuw8po,#IndependienteRivadavia y la posible sede para la final de la #CopaArgentina,2025-10-27,1083,19,0
UCghFRyDAl663a6CPtjwXw9g,https://youtube.com/@sifonazostream?si=BJ5yAWV1ixXxL354,Y02pKk8sFkY,#IndependienteRivadavia es finalista de la #CopaArgentina,2025-10-25,138,14,0
UCghFRyDAl663a6CPtjwXw9g,https://youtube.com/@sifonazostream?si=BJ5yAWV1ixXxL354,hssUYAfBDq0,El festejo de #IndependienteRivadavia por el pase a la final de la #CopaArgentina,2025-10-25,22423,353,17
UCghFRyDAl663a6CPtjwXw9g,https://youtube.com/@sifonazostream?si=BJ5yAWV1ixXxL354,XSuC6rZwuTs,La previa de #IndependienteRivadavia en C√≥rdoba,2025-10-24,109,5,0
UCghFRyDAl663a6CPtjwXw9g,https://youtube.com/@sifonazostream?si=BJ5yAWV1ixXxL354,_c6vcX7I4lQ,Los hinchas de #IndependienteRivadavia llegan a C√≥rdoba en la #CopaArgentina,2025-10-24,139,3,0
UCghFRyDAl663a6CPtjwXw9g,https://youtube.com/@sifonazostream?si=BJ5yAWV1ixXxL354,4mpuYGxCvg8,El programa arranc√≥ media hora tarde y los de la mesa no se guardaron nada.,2025-10-24,59,0,0
UCghFRyDAl663a6CPtjwXw9g,https://youtube.com/@sifonazostream?si=BJ5yAWV1ixXxL354,AIwS4DTxReI,Los 11 de #IndependienteRivadavia para jugar ante #River en la #CopaArgentina,2025-10-24,1093,14,0
UCghFRyDAl663a6CPtjwXw9g,https://youtube.com/@sifonazostream?si=BJ5yAWV1ixXxL354,8P_KbJTG2lc,Los jugadores de #Gimnasia que no pueden faltar en Primera Divisi√≥n,2025-10-17,139,3,0
UCghFRyDAl663a6CPtjwXw9g,https://youtube.com/@sifonazostream?si=BJ5yAWV1ixXxL354,cyM9X43hj1o,El mensaje para los jugadores de #IndependienteRivadavia en la previa del cl√°sico,2025-10-12,74,0,1
UCghFRyDAl663a6CPtjwXw9g,https://youtube.com/@sifonazostream?si=BJ5yAWV1ixXxL354,bg4fqHMdyUs,#Gimnasia campe√≥n de la #PrimeraNacional,2025-10-12,731,14,0
UCghFRyDAl663a6CPtjwXw9g,https://youtube.com/@sifonazostream?si=BJ5yAWV1ixXxL354,9xWOR74N2CU,#IndependienteRivadavia no le va a cobrar un extra a sus hinchas en el partido ante #GodoyCruz,2025-10-10,812,5,0
UCghFRyDAl663a6CPtjwXw9g,https://youtube.com/@sifonazostream?si=BJ5yAWV1ixXxL354,Qyb4iDr519Q,As√≠ parti√≥ #Gimnasia rumbo a Buenos Aires para jugar la final de la #PrimeraNacional,2025-10-09,1380,14,1
UCghFRyDAl663a6CPtjwXw9g,https://youtube.com/@sifonazostream?si=BJ5yAWV1ixXxL354,uBVMbghfiTU,¬øLos hinchas de #IndependienteRivadavia quieren que suba #Gimnasia?,2025-10-08,1094,13,0
UCghFRyDAl663a6CPtjwXw9g,https://youtube.com/@sifonazostream?si=BJ5yAWV1ixXxL354,LDuaHzqJBs0,#IndependienteRivadavia igual√≥ ante #Racing en el #TorneoClausura,2025-10-07,102,3,1
UCghFRyDAl663a6CPtjwXw9g,https://youtube.com/@sifonazostream?si=BJ5yAWV1ixXxL354,X34qmDMOFM4,#Gimnasia y una multitud en la #PrimeraNacional,2025-10-06,1041,20,1
UCghFRyDAl663a6CPtjwXw9g,https://youtube.com/@sifonazostream?si=BJ5yAWV1ixXxL354,bXvHSzJz4cQ,Los hinchas de #GodoyCruz se acordaron de #IndependienteRivadavia,2025-10-06,2803,29,0
UCghFRyDAl663a6CPtjwXw9g,https://youtube.com/@sifonazostream?si=BJ5yAWV1ixXxL354,LaLG7F8MVRc,#Gimnasia se clasific√≥ a la gran final de la #PrimeraNacional,2025-10-05,454,3,0
UCghFRyDAl663a6CPtjwXw9g,https://youtube.com/@sifonazostream?si=BJ5yAWV1ixXxL354,ftjLcga3jl8,El festejo del plantel del #DeportivoMaip√∫ en la #PrimeraNacional,2025-10-05,954,11,1
UCghFRyDAl663a6CPtjwXw9g,https://youtube.com/@sifonazostream?si=BJ5yAWV1ixXxL354,l0_8k_8d95I,El #DeportivoMaip√∫ se clasific√≥ al reducido de la #PrimeraNacional,2025-10-04,501,8,1
