CanalID,Nombre,VideoID,Titulo,Fecha,Vistas,Likes,Comentarios,DuracionSeg,URL
UCCKMZAvEMR7IzVKBxyLb9Lg,https://youtube.com/@floydtvonline?si=jUPNtgg266-y5k8q,YOtNLstjUbw,EP 4 - ‚ÄúL√≠deres 360¬∞: Innovaci√≥n y Regeneraci√≥n Empresarial‚Äù,2025-07-15,0,1,0,0,https://youtube.com/shorts/YOtNLstjUbw
UC7WpCrWnAh5DoHtMxbrtMnQ,https://youtube.com/@chocotvok?si=2YVCEG5eRz7k7bcY,AqywqxHeLrk,üçîüî• ¬øCu√°ntas burgers por semana?,2025-07-19,4,0,0,40,https://youtube.com/shorts/AqywqxHeLrk
UC7WpCrWnAh5DoHtMxbrtMnQ,https://youtube.com/@chocotvok?si=2YVCEG5eRz7k7bcY,Y8CCjiyBAlE,Shakira + Sanz = pura historia,2025-05-31,13,1,0,56,https://youtube.com/shorts/Y8CCjiyBAlE
UC7WpCrWnAh5DoHtMxbrtMnQ,https://youtube.com/@chocotvok?si=2YVCEG5eRz7k7bcY,_CJ3VXwQbuE,ANIMAL PRINT: LUNES DE 12.30 A 13.30,2025-05-14,63,0,0,14,https://youtube.com/shorts/_CJ3VXwQbuE
UC7WpCrWnAh5DoHtMxbrtMnQ,https://youtube.com/@chocotvok?si=2YVCEG5eRz7k7bcY,lfUc2wFyPGI,"Si le hizo caso a su mam√°, pero no era lo que esperaba‚Ä¶",2024-11-21,415,8,0,21,https://youtube.com/shorts/lfUc2wFyPGI
UC7WpCrWnAh5DoHtMxbrtMnQ,https://youtube.com/@chocotvok?si=2YVCEG5eRz7k7bcY,zBwLlo6uP5M,#AltoPerrov¬øLa ley nos permite cultivar Marihuana?  #marihuana #cannabis #argentina,2023-10-18,54,0,0,46,https://youtube.com/shorts/zBwLlo6uP5M
UC2Spl5nhZtU_c8w7amfOKqw,https://youtube.com/@gorememedia?si=rYKLiklxHH9n6dee,-yVBeOmdcaE,Consejos de gym #gymmotivation #fitnessmotivation #gym #gimnasio #workout,2025-01-16,10313,1452,16,57,https://youtube.com/shorts/-yVBeOmdcaE
UC2Spl5nhZtU_c8w7amfOKqw,https://youtube.com/@gorememedia?si=rYKLiklxHH9n6dee,Jf3mBVlPmYU,NUEVA PELEA EN PARENSE DE MANOS ü•ä Nacho Vidal vs. Luciano Castro #parensedemanos #coscu #shorts,2024-10-28,8717,378,13,42,https://youtube.com/shorts/Jf3mBVlPmYU
UC2Spl5nhZtU_c8w7amfOKqw,https://youtube.com/@gorememedia?si=rYKLiklxHH9n6dee,ZuxiIZw2lEU,El Bananero en Argentina üêê #elbananeroacm1pt #shorts #humor,2024-09-08,2623,139,1,21,https://youtube.com/shorts/ZuxiIZw2lEU
UC2Spl5nhZtU_c8w7amfOKqw,https://youtube.com/@gorememedia?si=rYKLiklxHH9n6dee,szO-DEoLl5A,C√≥mo es posible??? #clips #videoshort #funny,2024-09-03,538,20,0,27,https://youtube.com/shorts/szO-DEoLl5A
UC2Spl5nhZtU_c8w7amfOKqw,https://youtube.com/@gorememedia?si=rYKLiklxHH9n6dee,9CofQZRVmw4,MINECRAFT y la aldea escolar #minecraft #shorts #minecraftshorts,2024-09-03,389,16,0,51,https://youtube.com/shorts/9CofQZRVmw4
UC2Spl5nhZtU_c8w7amfOKqw,https://youtube.com/@gorememedia?si=rYKLiklxHH9n6dee,BPPjIzv8j6w,Secretos de Disney  #disney #curiosidades #shorts,2024-08-31,1159,50,1,58,https://youtube.com/shorts/BPPjIzv8j6w
UC2Spl5nhZtU_c8w7amfOKqw,https://youtube.com/@gorememedia?si=rYKLiklxHH9n6dee,uCW9K9p5tM4,Caso cerrado es falso? #clips #shorts,2024-07-20,8073,530,4,58,https://youtube.com/shorts/uCW9K9p5tM4
UC2Spl5nhZtU_c8w7amfOKqw,https://youtube.com/@gorememedia?si=rYKLiklxHH9n6dee,boh9rsnZ6FY,Bolivianos en Argentina #bolivia #shorts #clips,2024-07-19,4396,163,5,60,https://youtube.com/shorts/boh9rsnZ6FY
UC2Spl5nhZtU_c8w7amfOKqw,https://youtube.com/@gorememedia?si=rYKLiklxHH9n6dee,bhP6gy3_n8U,Esto es legal??? #shorts #clips,2024-07-07,9675,1416,10,50,https://youtube.com/shorts/bhP6gy3_n8U
UCxtCp4e1pGevREzI4aCMjow,https://youtube.com/@elbunkermza?si=DYKceoHFUHXZNPzW,ZMLkmZvgEXc,"""EST√ÅN LOS QUE CREEN QUE EL PERONISMO ES UNA PYME"" #peronismoacieloabierto #mendoza",2025-05-03,1056,6,1,54,https://youtube.com/shorts/ZMLkmZvgEXc
UCxtCp4e1pGevREzI4aCMjow,https://youtube.com/@elbunkermza?si=DYKceoHFUHXZNPzW,P7n-Jj83bHY,"""YO NO SOY EL PERONISMO"" #peronismoacieloabierto #elbunker #mendoza",2025-04-25,1846,6,2,31,https://youtube.com/shorts/P7n-Jj83bHY
UCxtCp4e1pGevREzI4aCMjow,https://youtube.com/@elbunkermza?si=DYKceoHFUHXZNPzW,opUvdgdc9Qo,EMIR F√âLIX: TENEMOS que ABRIR INTERNAS para LEGITIMAR al PERONISMO #peronismoacieloabierto #mendoza,2025-04-24,1401,11,2,53,https://youtube.com/shorts/opUvdgdc9Qo
UCxtCp4e1pGevREzI4aCMjow,https://youtube.com/@elbunkermza?si=DYKceoHFUHXZNPzW,9g0Xjhr8lBc,Lo mejor nunca se sube #cerveza #mendoza #stream,2025-04-17,1935,19,0,17,https://youtube.com/shorts/9g0Xjhr8lBc
UCxtCp4e1pGevREzI4aCMjow,https://youtube.com/@elbunkermza?si=DYKceoHFUHXZNPzW,rpLQADZ5-XA,"Cumpli√≥ 5 a√±os, es mendocino y eligi√≥ la tem√°tica de Malvinas para festejarlo #mendoza",2025-04-01,25,1,0,47,https://youtube.com/shorts/rpLQADZ5-XA
UCxtCp4e1pGevREzI4aCMjow,https://youtube.com/@elbunkermza?si=DYKceoHFUHXZNPzW,0ofAKbRF8WY,Gracias a todos por este manso Especial #Vendimia2025 üçá Completo en youtube üç∑,2025-03-16,185,10,0,59,https://youtube.com/shorts/0ofAKbRF8WY
UCxtCp4e1pGevREzI4aCMjow,https://youtube.com/@elbunkermza?si=DYKceoHFUHXZNPzW,tTKD0AQKkC8,TU ANTILUNES FAV ‚úåÔ∏è #elbunker #mendoza,2024-12-02,18,1,0,27,https://youtube.com/shorts/tTKD0AQKkC8
UCKmXYozYivG-QniM45u0THA,https://youtube.com/@malbecplay?si=CJp8lB2RIvVn99L8,S-SYqZROIc4,"CACHIPUM - VALENTINA MATTIELLO Y ESPERANZA GALLO - INFIDELIDAD - Ojo de loca, no se equivoca",2024-04-05,29,0,0,59,https://youtube.com/shorts/S-SYqZROIc4
UCxy1_VhGyaCbto2-DcXqk_w,https://youtube.com/@serebrosstv?si=XcpEMWAXDYY1bK0E,Afxdg2SlwkY,Nada m√°s que agregar üôÉ #stream #streaming #humor #mendoza,2025-07-15,12,0,0,49,https://youtube.com/shorts/Afxdg2SlwkY
UCxy1_VhGyaCbto2-DcXqk_w,https://youtube.com/@serebrosstv?si=XcpEMWAXDYY1bK0E,LdNrTGRrh5k,Ta‚Äô un poco seko ü•¥#humor #streaming #unpocoseco #canaldestreaming #mendoza,2025-07-14,1801,13,0,17,https://youtube.com/shorts/LdNrTGRrh5k
UCxy1_VhGyaCbto2-DcXqk_w,https://youtube.com/@serebrosstv?si=XcpEMWAXDYY1bK0E,VFu4lHyJm1s,Harry Popote ‚ö°Ô∏è#humor #streaming #mendoza #canaldestreaming,2025-07-10,1559,13,0,36,https://youtube.com/shorts/VFu4lHyJm1s
UCxy1_VhGyaCbto2-DcXqk_w,https://youtube.com/@serebrosstv?si=XcpEMWAXDYY1bK0E,nLV7n-4zHQQ,"Dale Mili, si, como quieras ü§£ Viernes de Convocados üèÄ #deportes #streaming #deportistas #chistes",2025-07-08,1902,12,0,40,https://youtube.com/shorts/nLV7n-4zHQQ
UCxy1_VhGyaCbto2-DcXqk_w,https://youtube.com/@serebrosstv?si=XcpEMWAXDYY1bK0E,FmJIUA1-By0,Un d√≠a normal en cualquier programa de @acordatedenada.tv #streaming #mendoza #sanrafael #stream,2025-07-07,4007,15,0,24,https://youtube.com/shorts/FmJIUA1-By0
UCxy1_VhGyaCbto2-DcXqk_w,https://youtube.com/@serebrosstv?si=XcpEMWAXDYY1bK0E,P75Ya6fXkjE,Mundial de clubes en #Convocados #mundialdeclubes #boca #river #futbol,2025-07-03,1435,10,1,58,https://youtube.com/shorts/P75Ya6fXkjE
UCxy1_VhGyaCbto2-DcXqk_w,https://youtube.com/@serebrosstv?si=XcpEMWAXDYY1bK0E,XU0y-ZRlfFg,As√≠ empez√≥ el nuevo programa Luvenio üòé #canaldestreaming #humor #mendoza #djs #musica,2025-06-29,1311,2,0,55,https://youtube.com/shorts/XU0y-ZRlfFg
UCxy1_VhGyaCbto2-DcXqk_w,https://youtube.com/@serebrosstv?si=XcpEMWAXDYY1bK0E,edKm2CxRlKs,Barber√≠a Art√≠stica en De Arriba Abajo,2025-06-27,1677,6,0,57,https://youtube.com/shorts/edKm2CxRlKs
UCxy1_VhGyaCbto2-DcXqk_w,https://youtube.com/@serebrosstv?si=XcpEMWAXDYY1bK0E,6IpGpfUwnzw,Hablemos de perd√≥n en ¬øC√≥mo Est√°s? #perdonar #psicologia #coaching #canaldestreaming #terapias,2025-06-25,995,7,0,54,https://youtube.com/shorts/6IpGpfUwnzw
UCRw1y2JAiHN3mcjjCtrBBng,https://youtube.com/@canalbardo?si=IANKmAlZraytP1gI,JZIMfzIj1_M,¬øGOD OF WAR EN LA XBOX?,2025-07-15,651,14,0,47,https://youtube.com/shorts/JZIMfzIj1_M
UCRw1y2JAiHN3mcjjCtrBBng,https://youtube.com/@canalbardo?si=IANKmAlZraytP1gI,DsqIGn6ILhM,LA COMIDA ARGENTINA NO EXISTE,2025-07-15,853,15,6,56,https://youtube.com/shorts/DsqIGn6ILhM
UCRw1y2JAiHN3mcjjCtrBBng,https://youtube.com/@canalbardo?si=IANKmAlZraytP1gI,fyKwdwzvqME,¬øFALTA INFRAESTRUCTURA EN EL PASO LOS LIBERTADORES?,2025-07-15,544,5,0,52,https://youtube.com/shorts/fyKwdwzvqME
UCRw1y2JAiHN3mcjjCtrBBng,https://youtube.com/@canalbardo?si=IANKmAlZraytP1gI,rhkVSImAV9Q,LA RX7 MENDOCINA,2025-07-15,869,7,0,32,https://youtube.com/shorts/rhkVSImAV9Q
UCRw1y2JAiHN3mcjjCtrBBng,https://youtube.com/@canalbardo?si=IANKmAlZraytP1gI,1bE-anVwU2Q,¬øES UNA AMENAZA LA IA PARA EL LOCUTOR?,2025-07-10,786,5,0,43,https://youtube.com/shorts/1bE-anVwU2Q
UCRw1y2JAiHN3mcjjCtrBBng,https://youtube.com/@canalbardo?si=IANKmAlZraytP1gI,mL4YyOIfHk8,"TOMAR MATE, TE LLENA DE ARRUGAS",2025-07-10,1142,14,0,42,https://youtube.com/shorts/mL4YyOIfHk8
UCRw1y2JAiHN3mcjjCtrBBng,https://youtube.com/@canalbardo?si=IANKmAlZraytP1gI,4NyKU53qFHA,ROBERTO DE ROTARY BRODERS,2025-07-10,767,20,0,49,https://youtube.com/shorts/4NyKU53qFHA
UCRw1y2JAiHN3mcjjCtrBBng,https://youtube.com/@canalbardo?si=IANKmAlZraytP1gI,0NMWsSrYb3A,DOPING EN EL FUTBOL,2025-07-10,701,6,0,42,https://youtube.com/shorts/0NMWsSrYb3A
UCRw1y2JAiHN3mcjjCtrBBng,https://youtube.com/@canalbardo?si=IANKmAlZraytP1gI,A1rKDbWuvPs,¬øCOMO SE GARRONEAN ENTRADAS?,2025-07-08,812,3,0,47,https://youtube.com/shorts/A1rKDbWuvPs
UCRw1y2JAiHN3mcjjCtrBBng,https://youtube.com/@canalbardo?si=IANKmAlZraytP1gI,VorijMOd6Zg,Cruzar a Chile es un Bardo,2025-07-08,609,2,0,46,https://youtube.com/shorts/VorijMOd6Zg
UCRw1y2JAiHN3mcjjCtrBBng,https://youtube.com/@canalbardo?si=IANKmAlZraytP1gI,nJTBJbGuspg,PILOTO REACCIONA A ACCIDENTES A√âREOS DEL CINE,2025-07-08,1076,14,0,54,https://youtube.com/shorts/nJTBJbGuspg
UCRw1y2JAiHN3mcjjCtrBBng,https://youtube.com/@canalbardo?si=IANKmAlZraytP1gI,DV5AHBGeOIA,"La f√≥rmula es facil, el cambio no tanto. Dr Sebasti√°n Wolff - Cardi√≥logo #podcast üéô",2025-07-08,942,3,0,45,https://youtube.com/shorts/DV5AHBGeOIA
UCBSWjvvdoYMkgdybOl1TafA,https://youtube.com/@gordivinos?si=ZjBDS7cJsTDiYNYh,pmMtNb4ZJbc,¬øRIESGOS DE LOS SUPLEMENTOS NUTRICIONALES? üßêüèãüèª‚Äç‚ôÇÔ∏è,2025-06-24,1872,27,0,49,https://youtube.com/shorts/pmMtNb4ZJbc
UCBSWjvvdoYMkgdybOl1TafA,https://youtube.com/@gordivinos?si=ZjBDS7cJsTDiYNYh,UxrmDxfCOYY,La autoexigencia no deja disfrutar procesos.,2025-06-11,1128,13,0,45,https://youtube.com/shorts/UxrmDxfCOYY
UCBSWjvvdoYMkgdybOl1TafA,https://youtube.com/@gordivinos?si=ZjBDS7cJsTDiYNYh,7ziUghGe6k4,¬øEs necesaria la universidad para tener √©xito?,2025-06-05,1001,8,0,33,https://youtube.com/shorts/7ziUghGe6k4
UCBSWjvvdoYMkgdybOl1TafA,https://youtube.com/@gordivinos?si=ZjBDS7cJsTDiYNYh,d7nP17oNAhM,¬øComo recuperar la confianza ante una entrevista laboral? #Liderazgo #obesidad #confianza #exito,2025-05-23,784,11,0,48,https://youtube.com/shorts/d7nP17oNAhM
UCBSWjvvdoYMkgdybOl1TafA,https://youtube.com/@gordivinos?si=ZjBDS7cJsTDiYNYh,mAloQGgH2TI,¬øSe les baja el precio a las personas con sobrepeso? #sobrepeso #gordivinos #obesidad #liderazgo,2025-05-21,1358,29,1,58,https://youtube.com/shorts/mAloQGgH2TI
UCBSWjvvdoYMkgdybOl1TafA,https://youtube.com/@gordivinos?si=ZjBDS7cJsTDiYNYh,m5lxzLcA_V0,Alimentaci√≥n de Pre Entreno #fitness  #ejercicio #salud #perdiendopeso #obesidad,2025-05-15,1829,16,0,43,https://youtube.com/shorts/m5lxzLcA_V0
UCBSWjvvdoYMkgdybOl1TafA,https://youtube.com/@gordivinos?si=ZjBDS7cJsTDiYNYh,cD_KfGpynLM,Las emociones afentan al sobrepeso,2025-05-13,1471,14,0,57,https://youtube.com/shorts/cD_KfGpynLM
UCBSWjvvdoYMkgdybOl1TafA,https://youtube.com/@gordivinos?si=ZjBDS7cJsTDiYNYh,i6Tgol7ArGg,Factos! #gordivinos #mendoza #gordivinosstream #mendozaargentina #obesidad #stream,2025-05-10,1686,8,0,28,https://youtube.com/shorts/i6Tgol7ArGg
UCBSWjvvdoYMkgdybOl1TafA,https://youtube.com/@gordivinos?si=ZjBDS7cJsTDiYNYh,iPEcFQo3wTE,Bajar de peso no es f√°cil,2025-05-09,1341,30,0,57,https://youtube.com/shorts/iPEcFQo3wTE
UCBSWjvvdoYMkgdybOl1TafA,https://youtube.com/@gordivinos?si=ZjBDS7cJsTDiYNYh,sc_0NVOgmh0,Todo en la vida es constancia. üí™üèª #constancia #sobrepeso #obesidad #adelgazar #gordivinos #salud,2025-05-08,294,13,2,59,https://youtube.com/shorts/sc_0NVOgmh0
UCBSWjvvdoYMkgdybOl1TafA,https://youtube.com/@gordivinos?si=ZjBDS7cJsTDiYNYh,M6HrfS7syys,El desamor adelgaza? Ustedes que piensan? ü§´ü§î#gordivinos #stream #desamor #obesidad #adelgazar,2025-05-08,1368,22,1,40,https://youtube.com/shorts/M6HrfS7syys
UCBSWjvvdoYMkgdybOl1TafA,https://youtube.com/@gordivinos?si=ZjBDS7cJsTDiYNYh,YrRYo28X2tk,"La obesidad es una enfermedad, y aceptarlo es el primer paso. üí™üèª‚ù§Ô∏è",2025-05-06,1497,22,0,37,https://youtube.com/shorts/YrRYo28X2tk
UCBSWjvvdoYMkgdybOl1TafA,https://youtube.com/@gordivinos?si=ZjBDS7cJsTDiYNYh,dCZ0W1sR2DY,Hacer ejercicios de fuerzas con sobrepeso. #gordivinos #mendoza #gym #sobrepeso #obesidad #ejercicio,2025-05-02,1569,26,0,54,https://youtube.com/shorts/dCZ0W1sR2DY
UCBSWjvvdoYMkgdybOl1TafA,https://youtube.com/@gordivinos?si=ZjBDS7cJsTDiYNYh,WezkQ1j3oVo,"¬øPor qu√© hacemos Gordivinos? / Nuevo stream de sobrepeso y obesidad, pero de superaci√≥n y diversi√≥n",2025-04-28,486,37,6,58,https://youtube.com/shorts/WezkQ1j3oVo
UC9kKAxookRd_sLlkmc1ROtA,https://youtube.com/@desdeelfondo?si=4XZvZVeu-Wr1Fab0,iq9invN7rcs,A veces es dif√≠cil no repetir patrones vinculares üò¨ #desdeelfondo #streaming #podcast  #patrones,2025-01-12,15,2,0,51,https://youtube.com/shorts/iq9invN7rcs
UC9kKAxookRd_sLlkmc1ROtA,https://youtube.com/@desdeelfondo?si=4XZvZVeu-Wr1Fab0,kX32Ia3Brvk,Por ces√°rea como dir√≠a Dillom.  #desdeelfondo #streaming #podcast #mendoza #cesarea  #comedia #humor,2025-01-10,751,20,0,5,https://youtube.com/shorts/kX32Ia3Brvk
UC9kKAxookRd_sLlkmc1ROtA,https://youtube.com/@desdeelfondo?si=4XZvZVeu-Wr1Fab0,R_02X8Ysm6A,Les dejamos este manual del soltero para que tomen nota ü´µ  #desdeelfondo #humor #podcast #streaming,2025-01-09,6183,289,3,55,https://youtube.com/shorts/R_02X8Ysm6A
UC9kKAxookRd_sLlkmc1ROtA,https://youtube.com/@desdeelfondo?si=4XZvZVeu-Wr1Fab0,RvKTAIHvXac,Simplemente FACTOS.  #podcast #desdeelfondo #streaming #humor #comedia #factos  #caviarymortadela,2025-01-08,27,2,0,34,https://youtube.com/shorts/RvKTAIHvXac
UC9kKAxookRd_sLlkmc1ROtA,https://youtube.com/@desdeelfondo?si=4XZvZVeu-Wr1Fab0,ePAupVU1p3E,"Si la noche tuviese una cara, ser√≠a la del Fridman.  #podcast #desdeelfondo #humor #streaming",2025-01-07,458,8,0,4,https://youtube.com/shorts/ePAupVU1p3E
UC9kKAxookRd_sLlkmc1ROtA,https://youtube.com/@desdeelfondo?si=4XZvZVeu-Wr1Fab0,HmxJ3JfpIeA,Consejito para las productoras mendocinas: #desdeelfondo #streaming #humor #caviarymortadela,2025-01-06,474,7,0,5,https://youtube.com/shorts/HmxJ3JfpIeA
UC9kKAxookRd_sLlkmc1ROtA,https://youtube.com/@desdeelfondo?si=4XZvZVeu-Wr1Fab0,qJC37wmxN-g,Cuando le haces preguntas astrol√≥gicas a tu amigo anti astrolog√≠a  #podcast #desdeelfondo #streaming,2025-01-05,464,21,0,8,https://youtube.com/shorts/qJC37wmxN-g
UC9kKAxookRd_sLlkmc1ROtA,https://youtube.com/@desdeelfondo?si=4XZvZVeu-Wr1Fab0,NW264VoSkzY,El Fede chiquito hizo lo mejor que pudo ü•∫ #podcast #desdeelfondo #streaming #mendoza  #comedia,2025-01-05,14,3,0,29,https://youtube.com/shorts/NW264VoSkzY
UC9kKAxookRd_sLlkmc1ROtA,https://youtube.com/@desdeelfondo?si=4XZvZVeu-Wr1Fab0,IWl804rxstc,Moraleja: saquen sus pasajes en cuotas y no hagan planes.  #desdeelfondo #podcast #humor #streaming,2025-01-04,460,8,0,26,https://youtube.com/shorts/IWl804rxstc
UC9kKAxookRd_sLlkmc1ROtA,https://youtube.com/@desdeelfondo?si=4XZvZVeu-Wr1Fab0,gVjMk2RPCMU,Todos tuvimos miedo de ser reemplazados. #podcast #desdeelfondo #streaming #podcast #inseguridades,2025-01-04,440,8,1,13,https://youtube.com/shorts/gVjMk2RPCMU
UC9kKAxookRd_sLlkmc1ROtA,https://youtube.com/@desdeelfondo?si=4XZvZVeu-Wr1Fab0,A12PByXkDEU,LAM ü§êüëÄ  #podcast #desdeelfondo #humor #streaming  #caviarymortadela #comedia #podcast,2025-01-03,433,6,0,4,https://youtube.com/shorts/A12PByXkDEU
UC9kKAxookRd_sLlkmc1ROtA,https://youtube.com/@desdeelfondo?si=4XZvZVeu-Wr1Fab0,FUFVjnLwaSA,"Si alg√∫n d√≠a tenes la duda de ser cornudx, hable al fot√≥grafo o filmmaker de la fiesta.#desdeelfondo",2025-01-02,447,7,0,22,https://youtube.com/shorts/FUFVjnLwaSA
UC9kKAxookRd_sLlkmc1ROtA,https://youtube.com/@desdeelfondo?si=4XZvZVeu-Wr1Fab0,j5b0Po_DmW0,Consecuencias del multitasking = que la paz nos de ansiedad.  #podcast #desdeelfondo #streaming,2025-01-01,443,12,1,30,https://youtube.com/shorts/j5b0Po_DmW0
UC9kKAxookRd_sLlkmc1ROtA,https://youtube.com/@desdeelfondo?si=4XZvZVeu-Wr1Fab0,y1l7looNIVw,La sexualidad no es una cuesti√≥n lineal. #streaming #desdeelfondo #podcast #sexualidad  #humor,2025-01-01,13,2,0,17,https://youtube.com/shorts/y1l7looNIVw
UC9kKAxookRd_sLlkmc1ROtA,https://youtube.com/@desdeelfondo?si=4XZvZVeu-Wr1Fab0,od_MKBpN5_M,Ac√° somos todos bien portados.  #desdeelfondo #humor #podcast #streaming  #caviarymortadela,2024-12-31,3252,30,0,10,https://youtube.com/shorts/od_MKBpN5_M
UC9kKAxookRd_sLlkmc1ROtA,https://youtube.com/@desdeelfondo?si=4XZvZVeu-Wr1Fab0,LfF2VCy0-eM,El verdadero valor est√° en esos pocos que siempre est√°n. #desdeelfondo #streaming #caviarymortadela,2024-12-30,442,11,0,17,https://youtube.com/shorts/LfF2VCy0-eM
UC9kKAxookRd_sLlkmc1ROtA,https://youtube.com/@desdeelfondo?si=4XZvZVeu-Wr1Fab0,tVWD59kLyUQ,Diciembre no termina m√°s y estamos hartos las b0las.  #podcast #desdeelfondo #humor #streaming,2024-12-29,440,15,0,8,https://youtube.com/shorts/tVWD59kLyUQ
UC9kKAxookRd_sLlkmc1ROtA,https://youtube.com/@desdeelfondo?si=4XZvZVeu-Wr1Fab0,XywkmL36Rig,Si toman no manejen por favor üôè #desdeelfondo #podcast #streaming,2024-12-29,7,1,0,18,https://youtube.com/shorts/XywkmL36Rig
UC9kKAxookRd_sLlkmc1ROtA,https://youtube.com/@desdeelfondo?si=4XZvZVeu-Wr1Fab0,AC9P2o2fWXo,La importancia de agradecer todo lo que tenemos. üôè #desdeelfondo #streaming #podcast #agradecer,2024-12-29,454,8,0,32,https://youtube.com/shorts/AC9P2o2fWXo
UC9kKAxookRd_sLlkmc1ROtA,https://youtube.com/@desdeelfondo?si=4XZvZVeu-Wr1Fab0,CgSDNcBfIcY,A esta altura del a√±o que salga lo que tenga que salgar.  #desdeelfondo #podcast #humor #streaming,2024-12-28,40,2,0,3,https://youtube.com/shorts/CgSDNcBfIcY
UC9kKAxookRd_sLlkmc1ROtA,https://youtube.com/@desdeelfondo?si=4XZvZVeu-Wr1Fab0,tu9U8rDanA4,Est√°n raaaros esos pokemones.  #podcast #desdeelfondo #humor #streaming #caviarymortadela,2024-12-27,734,11,1,19,https://youtube.com/shorts/tu9U8rDanA4
UC9kKAxookRd_sLlkmc1ROtA,https://youtube.com/@desdeelfondo?si=4XZvZVeu-Wr1Fab0,BQcOzVNWxxI,No saben que ponerse para A√±o Nuevo? Les dejamos unos¬†#CarliTips  #podcast #desdeelfondo #humor,2024-12-27,7185,255,4,38,https://youtube.com/shorts/BQcOzVNWxxI
UC9kKAxookRd_sLlkmc1ROtA,https://youtube.com/@desdeelfondo?si=4XZvZVeu-Wr1Fab0,4WLN4R0Ljn4,La nostalgia es buena siempre y cuando sea en su justa medida. #desdeelfondo #caviarymortadela,2024-12-25,562,7,0,26,https://youtube.com/shorts/4WLN4R0Ljn4
UC9kKAxookRd_sLlkmc1ROtA,https://youtube.com/@desdeelfondo?si=4XZvZVeu-Wr1Fab0,XbHTX4VuNTA,Esta es la se√±al para que invites a tu familia jud√≠a amiga #podcast #desdeelfondo #streaming #humor,2024-12-24,2028,21,0,11,https://youtube.com/shorts/XbHTX4VuNTA
UC9kKAxookRd_sLlkmc1ROtA,https://youtube.com/@desdeelfondo?si=4XZvZVeu-Wr1Fab0,mv8F3Vxt4dQ,¬øAlguien nos puede confirmar si tirarse lentejas funciona?  #podcast #desdeelfondo #streaming #humor,2024-12-24,8,1,0,27,https://youtube.com/shorts/mv8F3Vxt4dQ
UC9kKAxookRd_sLlkmc1ROtA,https://youtube.com/@desdeelfondo?si=4XZvZVeu-Wr1Fab0,wro0tKfJeqs,Pienso pienso en tiiii  #podcast #desdeelfondo #humor #streaming #radio #caviarymortadela #comedia,2024-12-07,576,15,0,12,https://youtube.com/shorts/wro0tKfJeqs
UC9kKAxookRd_sLlkmc1ROtA,https://youtube.com/@desdeelfondo?si=4XZvZVeu-Wr1Fab0,bXMk6FGlu6Y,Un pron√≥stico que te caes de 0GT #desdeelfondo #podcast #humor #streaming #radio #caviarymortadela,2024-12-06,603,6,1,10,https://youtube.com/shorts/bXMk6FGlu6Y
UC9kKAxookRd_sLlkmc1ROtA,https://youtube.com/@desdeelfondo?si=4XZvZVeu-Wr1Fab0,QQ7Fzs2rafo,Que no te vean la cara. HACETE RESPETAR CARAJO #streaming  #explotacion #desdeelfondo #podcast,2024-12-06,10,3,0,32,https://youtube.com/shorts/QQ7Fzs2rafo
UC9kKAxookRd_sLlkmc1ROtA,https://youtube.com/@desdeelfondo?si=4XZvZVeu-Wr1Fab0,D3lMKkAZUNk,"Nada como ser tu propio jefe, es duro, pero lo vale la pena. #stream #Mendoza #podcast #desdeelfondo",2024-12-06,13,1,0,23,https://youtube.com/shorts/D3lMKkAZUNk
UC9kKAxookRd_sLlkmc1ROtA,https://youtube.com/@desdeelfondo?si=4XZvZVeu-Wr1Fab0,45RRyrzpxMw,Qu√© es poco‚Ä¶ qu√© es mucho? Los v√≠nculos son 50/50? A veces 70/30 ?  #desdeelfondo #streaming,2024-12-06,493,9,0,35,https://youtube.com/shorts/45RRyrzpxMw
UC9kKAxookRd_sLlkmc1ROtA,https://youtube.com/@desdeelfondo?si=4XZvZVeu-Wr1Fab0,Ottyo-6M-Pg,El reflejo del afuera es lo que uno tiene adentro.  #desdeelfondo   #streaming #caviarymortadela,2024-12-06,479,18,0,53,https://youtube.com/shorts/Ottyo-6M-Pg
UC9kKAxookRd_sLlkmc1ROtA,https://youtube.com/@desdeelfondo?si=4XZvZVeu-Wr1Fab0,ki5bOuLtmbc,‚ÄúDar siempre el 100 % ‚Äú. Ustedes que opinan ?? #streaming  #desdeelfondo #podcast #caviarymortadela,2024-12-06,1312,23,3,17,https://youtube.com/shorts/ki5bOuLtmbc
UC9kKAxookRd_sLlkmc1ROtA,https://youtube.com/@desdeelfondo?si=4XZvZVeu-Wr1Fab0,8e4lEHffMTQ,En estas andamos QU√â DECIRLES.  #podcast #desdeelfondo #humor #streaming,2024-12-05,8,1,0,6,https://youtube.com/shorts/8e4lEHffMTQ
UC9kKAxookRd_sLlkmc1ROtA,https://youtube.com/@desdeelfondo?si=4XZvZVeu-Wr1Fab0,S9726qvVChk,La personalidad es lo que garpa.  #desdeelfondo #podcast #humor #streaming #radio #caviarymortadela,2024-12-05,3040,35,0,27,https://youtube.com/shorts/S9726qvVChk
UC9kKAxookRd_sLlkmc1ROtA,https://youtube.com/@desdeelfondo?si=4XZvZVeu-Wr1Fab0,kh4oqsQGNd8,Hablando de rompe pel0tas‚Ä¶ la gente que no te deja quejarte. C√ìMO ? üëäüèª#desdeelfondo #stream #podcast,2024-12-05,463,13,0,17,https://youtube.com/shorts/kh4oqsQGNd8
UC9kKAxookRd_sLlkmc1ROtA,https://youtube.com/@desdeelfondo?si=4XZvZVeu-Wr1Fab0,bI71quugv7o,No pueden ser todos DJ¬¥s #podcast #desdeelfondo #humor #radio #entrevista #caviarymortadela,2024-12-04,510,10,1,5,https://youtube.com/shorts/bI71quugv7o
UC9kKAxookRd_sLlkmc1ROtA,https://youtube.com/@desdeelfondo?si=4XZvZVeu-Wr1Fab0,01wCj8dpW5A,"La facultad, ese lugar donde podemos quejarnos de TODO  #facultad #desdeelfondo #stream #podcast",2024-12-04,1667,17,1,9,https://youtube.com/shorts/01wCj8dpW5A
UC9kKAxookRd_sLlkmc1ROtA,https://youtube.com/@desdeelfondo?si=4XZvZVeu-Wr1Fab0,841OckuCDfw,Nos vemos todos los mi√©rcoles a las 20:30  #podcast #desdeelfondo #humor #streaming#caviarymortadela,2024-12-04,807,9,0,11,https://youtube.com/shorts/841OckuCDfw
UC9kKAxookRd_sLlkmc1ROtA,https://youtube.com/@desdeelfondo?si=4XZvZVeu-Wr1Fab0,fl-v5pPS8zQ,No me junto mas con vos porque sos un rompe pel0tas #fueramalasvibras #desdeelfondo #streaming,2024-12-04,4,1,0,19,https://youtube.com/shorts/fl-v5pPS8zQ
UC9kKAxookRd_sLlkmc1ROtA,https://youtube.com/@desdeelfondo?si=4XZvZVeu-Wr1Fab0,gIR63lUF1no,Si no par√° qu√© hacemos todo ¬øno? #desdeelfondo #podcast #streaming #humor #caviarymortadela,2024-12-03,699,16,1,13,https://youtube.com/shorts/gIR63lUF1no
UCc8mzxrfokRgbCxQkoTFV-w,https://youtube.com/@cascotetv?si=6BIclzcR-wDcxADN,i5Iucbol65k,#HugoYasky Sobre #axelkicillof,2025-07-02,1329,13,6,57,https://youtube.com/shorts/i5Iucbol65k
UCc8mzxrfokRgbCxQkoTFV-w,https://youtube.com/@cascotetv?si=6BIclzcR-wDcxADN,6F-RkgXio-Y,Sobrevivir a la secundaria :P,2025-07-01,300,1,0,49,https://youtube.com/shorts/6F-RkgXio-Y
UCc8mzxrfokRgbCxQkoTFV-w,https://youtube.com/@cascotetv?si=6BIclzcR-wDcxADN,uQ8NebxRC-M,#ElJockey - El viaje del director #elextra√±ocaso #disney,2025-06-30,242,0,0,48,https://youtube.com/shorts/uQ8NebxRC-M
UCrKnuUxDxdkFZo-7zM4ZDQQ,https://youtube.com/@radioalertamza?si=k9xUrWYPFHEdFv-m,nPrJ87ZXD5c,Comunicaci√≥n Consciente,2020-01-19,6,0,0,22,https://youtube.com/shorts/nPrJ87ZXD5c
UC1gMJbPatMRNcWKQGfmw8MQ,https://youtube.com/@oidmortalesmza?si=XeujmJKrR_AFYcHm,-fssqga8-kU,Cara pintada beside obeid seineldin Malvinas,2025-06-27,2307,60,1,50,https://youtube.com/shorts/-fssqga8-kU
UC1gMJbPatMRNcWKQGfmw8MQ,https://youtube.com/@oidmortalesmza?si=XeujmJKrR_AFYcHm,cTr0mdf-3Cc,Cara pintada seineldin Aldo rico Alfonsin,2025-06-25,5126,97,2,40,https://youtube.com/shorts/cTr0mdf-3Cc
UC1gMJbPatMRNcWKQGfmw8MQ,https://youtube.com/@oidmortalesmza?si=XeujmJKrR_AFYcHm,6iNCwK0TSFU,"Cara pintada, Breide Obeid, Seineldin, Rico",2025-06-23,2946,67,1,58,https://youtube.com/shorts/6iNCwK0TSFU
UC1gMJbPatMRNcWKQGfmw8MQ,https://youtube.com/@oidmortalesmza?si=XeujmJKrR_AFYcHm,hSxkiEXit6o,Impacto de la ley de reincorporaci√≥n en los veteranos de Malvinas,2025-06-20,4977,111,3,56,https://youtube.com/shorts/hSxkiEXit6o
UC1gMJbPatMRNcWKQGfmw8MQ,https://youtube.com/@oidmortalesmza?si=XeujmJKrR_AFYcHm,eMffnj4ErpA,"Seineldin y Aldo rico, Carapintada, Malvinas,",2025-06-15,4429,104,8,49,https://youtube.com/shorts/eMffnj4ErpA
UC1gMJbPatMRNcWKQGfmw8MQ,https://youtube.com/@oidmortalesmza?si=XeujmJKrR_AFYcHm,MrrIs9_qDI0,Breide Obeid Carapintadas Malvinas Seineldin Aldo Rico,2025-06-14,6146,94,2,33,https://youtube.com/shorts/MrrIs9_qDI0
UC1gMJbPatMRNcWKQGfmw8MQ,https://youtube.com/@oidmortalesmza?si=XeujmJKrR_AFYcHm,NIYWxkbLa_s,El malestar en el ej√©rcito argentino,2025-06-12,16962,448,14,51,https://youtube.com/shorts/NIYWxkbLa_s
UC1gMJbPatMRNcWKQGfmw8MQ,https://youtube.com/@oidmortalesmza?si=XeujmJKrR_AFYcHm,Ys_lN2yWCX4,Promesas de transformaci√≥n en el ej√©rcito argentino,2025-06-11,4610,70,0,36,https://youtube.com/shorts/Ys_lN2yWCX4
